Country Name,Country Code,"Life expectancy at birth, total (years) [SP.DYN.LE00.IN] - 2016 [YR2016]",Access to electricity (% of population) [EG.ELC.ACCS.ZS] - 2016 [YR2016],Adjusted net national income (current US$) [NY.ADJ.NNTY.CD] - 2016 [YR2016],Children out of school (% of primary school age) [SE.PRM.UNER.ZS] - 2016 [YR2016],Expenditure on primary education (% of government expenditure on education) [SE.XPD.PRIM.ZS] - 2016 [YR2016],Public private partnerships investment in water and sanitation (current US$) [IE.PPN.WATR.CD] - 2016 [YR2016],"Mortality rate attributed to unsafe water, unsafe sanitation and lack of hygiene (per 100,000 population) [SH.STA.WASH.P5] - 2016 [YR2016]","Literacy rate, adult total (% of people ages 15 and above) [SE.ADT.LITR.ZS] - 2016 [YR2016]",Population growth (annual %) [SP.POP.GROW] - 2016 [YR2016],"Population, total [SP.POP.TOTL] - 2016 [YR2016]","Primary completion rate, total (% of relevant age group) [SE.PRM.CMPT.ZS] - 2016 [YR2016]","Secondary education, duration (years) [SE.SEC.DURS] - 2016 [YR2016]","Secondary education, teachers [SE.SEC.TCHR] - 2016 [YR2016]",Current health expenditure (% of GDP) [SH.XPD.CHEX.GD.ZS] - 2016 [YR2016],"Current health expenditure per capita, PPP (current international $) [SH.XPD.CHEX.PP.CD] - 2016 [YR2016]","Unemployment, total (% of total labor force) (national estimate) [SL.UEM.TOTL.NE.ZS] - 2016 [YR2016]","Unemployment, youth total (% of total labor force ages 15-24) (national estimate) [SL.UEM.1524.NE.ZS] - 2016 [YR2016]",Rural population (% of total population) [SP.RUR.TOTL.ZS] - 2016 [YR2016],"Adolescent fertility rate (births per 1,000 women ages 15-19) [SP.ADO.TFRT] - 2016 [YR2016]","GDP per capita, PPP (current international $) [NY.GDP.PCAP.PP.CD] - 2016 [YR2016]",Mobile cellular subscriptions (per 100 people) [IT.CEL.SETS.P2] - 2016 [YR2016],Individuals using the Internet (% of population) [IT.NET.USER.ZS] - 2016 [YR2016]
Afghanistan,AFG,63.763,97.7,16482932352,NA,43.30205,NA,13.9,NA,2.778317409,35383128,NA,6,62601.06,10.19867734,162.7811582,NA,NA,74.98,75.325,1896.99252,61.05463771,11.2
Albania,ALB,78.194,100,10860478619,2.34458,NA,NA,0.2,NA,-0.159880412,2876101,99.88155,7,24082,6.69789475,759.6669842,15.22000027,NA,41.579,19.8596,11868.17792,116.7444442,66.3634447
Algeria,DZA,76.298,99.9923172,1.3319E+11,0.72481,NA,NA,1.9,NA,2.051354584,40551404,105.59,7,NA,6.648475,998.1537539,10.20240021,25.7159996,28.541,10.368,15050.43219,116.0042077,42.94552688
American Samoa,ASM,NA,NA,NA,NA,NA,NA,NA,NA,-0.12729377,55741,NA,NA,NA,NA,NA,NA,NA,12.802,NA,NA,NA,NA
Andorra,AND,NA,100,NA,NA,21.50379,NA,NA,NA,-0.919469738,77297,NA,6,557,10.36772767,4978.706602,NA,NA,11.752,NA,NA,98.49282637,97.93063712
Angola,AGO,59.925,40.62452698,56217308967,NA,NA,NA,48.8,NA,3.37827278,28842484,NA,6,75997,2.87782524,185.8204006,NA,NA,35.851,153.9008,6756.935074,45.07629005,13
Antigua and Barbuda,ATG,76.617,100,NA,NA,NA,NA,0.1,NA,1.021843835,94527,NA,5,NA,4.30900835,976.3886597,NA,NA,75.154,43.6256,24177.95972,190.4217843,73
Argentina,ARG,76.221,99.9668808,4.79757E+11,0.45239,30.07402,NA,0.4,99.12501,1.057181578,43590368,103.8936,6,NA,7.54838404,1531.038361,NA,NA,8.373,62.939,20130.40803,146.4538276,70.96898082
Armenia,ARM,74.64,100,9056852565,7.50256,20.66574,200000000,0.2,NA,0.361431439,2936146,90.75161,8,NA,9.92732109,876.8568566,NA,NA,36.918,22.1604,8808.572714,116.9754675,64.34602977
Aruba,ABW,75.868,100,2240989306,NA,27.52589,NA,NA,NA,0.50761773,104872,NA,5,NA,NA,NA,NA,NA,56.808,23.8416,38390.27165,NA,93.54245387
Australia,AUS,82.44878049,100,9.35238E+11,0.04413,32.99107,NA,0.1,NA,1.561940498,24190907,NA,6,NA,9.25209201,4529.887082,5.709899902,12.64039993,14.2,11.8324,47352.11161,109.4312952,86.54
Austria,AUT,81.64146341,100,3.23275E+11,0.20606,16.60016,NA,0.1,NA,1.081396299,8736668,99.65672,8,72960.56,10.43762567,5295.181772,6.013800144,11.24769974,42.095,7.5648,51655.50309,126.6614696,84.32374257
Azerbaijan,AZE,72.493,100,29215579693,0.79463,NA,NA,1.1,99.79006,1.11785721,9757812,111.3019,8,130300,6.89059972,1193.05883,5,NA,44.979,54.5184,17417.08669,104.6523726,78.2
"Bahamas, The",BHS,73.329,100,10268073728,22.31996,NA,NA,0.1,NA,0.990519136,377931,77.42339,6,2414,6.37542177,1435.567513,12.69999981,25.83864784,17.168,30.5602,30862.53836,95.30865504,80
Bahrain,BHR,76.899,100,27279965878,1.21659,NA,NA,0.1,97.06668,3.856582461,1425791,99.51365,6,9770,4.86947429,1866.29732,NA,NA,10.91,13.493,47215.551,210.0492218,97.9999807
Bangladesh,BGD,71.785,75.92,2.13607E+11,NA,NA,NA,11.9,72.75872,1.091300482,157970840,NA,7,436224,2.36505997,90.59840433,4.349999905,11.36999989,64.917,84.0906,3696.776193,86.07690632,18.02
Barbados,BRB,78.888,100,3844820988,1.96152,29.6064,NA,0.2,NA,0.165289294,285796,NA,5,1093,6.96244846,1322.985509,9.720000267,29.61000061,68.807,35.3818,18027.95831,116.2395555,79.54939789
Belarus,BLR,73.82682927,100,41234214579,0.51882,NA,NA,0.1,NA,0.12551111,9501534,96.86775,7,77654,6.31679395,1151.408849,5.840000153,10.72000027,22.339,15.8802,18098.42286,121.112623,71.11304576
Belgium,BEL,81.43902439,100,3.80802E+11,0.70629,23.81164,NA,0.3,NA,0.506300002,11331422,NA,6,130790,10.03841793,4667.882287,7.829699993,20.12319946,2.081,4.9266,47214.18064,110.5368746,86.51647666
Belize,BLZ,74.219,97.00158691,1425076036,0.52571,33.03149,NA,1,NA,2.047695884,368400,105.3376,6,2230,6.12137415,541.4343274,7.000400066,16.27910042,54.505,69.3254,8388.182053,60.51248643,44.57574032
Benin,BEN,60.885,41.61823273,7141863204,NA,NA,NA,59.7,NA,2.761409493,10872067,80.74556,7,90341,3.85561779,83.47636765,NA,NA,53.771,88.1498,2169.755807,81.7921125,11.99404791
Bermuda,BMU,81.22707317,100,NA,NA,NA,NA,NA,NA,-1.048452613,64555,NA,7,672,NA,NA,NA,NA,0,NA,NA,100.8348853,98
Bhutan,BTN,70.781,99.77463531,1801943415,10.28901,NA,NA,3.9,NA,1.206226624,736709,100.6622,6,6515,3.45418055,293.1100222,NA,NA,60.572,21.745,9656.339262,94.79644581,41.77264453
Bolivia,BOL,70.626,91.8,27682045904,10.01542,NA,NA,5.6,NA,1.480132784,11031813,89.91243,6,57955,6.86056405,496.3061886,NA,NA,31.262,66.4978,7147.83921,91.60973889,39.6975146
Bosnia and Herzegovina,BIH,76.998,100,14539023771,NA,NA,NA,0.1,NA,-1.264581174,3386267,NA,8,27028,9.22955617,1123.425425,25.40810013,54.31269836,52.482,10.125,12824.03613,100.5249735,60.25653543
Botswana,BWA,68.178,60.58835983,11830611346,NA,NA,NA,11.8,NA,1.832852792,2159944,NA,5,NA,5.46320154,931.3047144,NA,NA,32.067,46.4788,17314.7804,152.2730166,39.36299738
Brazil,BRA,75.23,99.7,1.52683E+12,NA,NA,222700000,1,92.80844,0.823748232,206163058,NA,7,1417859,11.77150303,1777.470477,11.59990025,27.23450089,13.958,60.0994,15331.55058,118.3855945,60.87254007
British Virgin Islands,VGB,NA,100,NA,NA,NA,NA,NA,NA,0.693936844,29355,90.59633,5,273,NA,NA,NA,NA,53.043,NA,NA,NA,77.70142968
Brunei Darussalam,BRN,75.45,100,10217430054,0.15732,19.5228,NA,0.1,NA,1.172400865,419800,NA,7,5323,2.3409551,1812.413646,NA,NA,23.01,11.1058,78134.66652,124.6910434,90
Bulgaria,BGR,74.81219512,100,45148049861,10.25259,NA,NA,0.1,NA,-0.701382098,7127822,92.04534,8,38546,8.23011604,1577.942762,7.57460022,17.2220993,25.671,40.6392,19500.32945,125.4743844,59.82554766
Burkina Faso,BFA,60.354,23.65287399,7725863731,24.14707,NA,NA,49.6,NA,2.915319071,18646378,61.72434,7,45254,6.75254452,115.6043314,NA,NA,71.866,106.5448,1773.318838,82.61152567,13.96
Burundi,BDI,60.528,9.298458099,2121677919,NA,NA,NA,65.4,NA,3.177016087,10487998,67.67451,7,22512,6.19156298,50.25423113,NA,NA,87.612,56.61,743.9035976,51.08522649,5.173626777
Cabo Verde,CPV,72.347,90.64518738,1231009890,7.13974,39.08446,NA,4.1,NA,1.212831744,531146,91.03706,6,3607,5.23696219,347.6412499,NA,NA,35.216,74.7374,6709.109916,113.331551,50.32281787
Cambodia,KHM,68.977,76.8398819,16645766999,7.02104,NA,NA,6.5,NA,1.565227051,15766293,92.41138,6,NA,6.08196009,228.5708677,0.716199994,1.114899993,77.418,49.9048,3742.958793,126.3169742,32.39845171
Cameroon,CMR,58.063,60.10734558,27449551086,4.97845,NA,NA,45.2,NA,2.660494609,23926539,73.39319,7,114601,4.6902491,169.2888215,NA,NA,44.821,108.8318,3546.54456,78.22900593,23.20297197
Canada,CAN,82.1422439,100,1.235E+12,0.04413,NA,NA,0.4,NA,1.132348655,36109487,NA,6,NA,10.53465477,4718.296818,6.998899937,13.10319996,18.7,9.0084,45011.64317,84.5231216,91.16
Cayman Islands,CYM,NA,100,NA,NA,NA,NA,NA,NA,1.359711357,62569,NA,6,NA,NA,NA,NA,NA,0,NA,70049.98371,152.8808196,79
Central African Republic,CAF,51.593,27.12771225,1374561692,NA,NA,NA,82.1,NA,0.985894486,4537687,40.87417,7,3433,4.28252151,29.9077719,NA,NA,59.382,130.9522,789.1651917,27.51062987,4
Chad,TCD,53.438,10.11441898,8300660905,26.48131,NA,NA,101,22.31155,3.143959589,14561666,41.32026,7,19721,4.5381013,94.95477954,NA,NA,77.323,164.516,2012.817316,38.35901264,5
Channel Islands,CHI,82.6,NA,NA,NA,NA,NA,NA,NA,0.9256539,166923,NA,NA,NA,NA,NA,NA,NA,69.07,7.2438,NA,NA,NA
Chile,CHL,79.779,100,1.95844E+11,3.06315,28.08302,NA,0.2,NA,1.325201606,18209068,95.48255,6,81316,8.52893972,2002.008384,6.738200188,15.98169994,12.578,43.602,22874.14942,127.972519,83.55858602
China,CHN,76.21,100,8.49807E+12,NA,NA,950170000,0.6,NA,0.541478512,1378665000,NA,6,6219580,4.98188075,761.4878559,NA,NA,43.264,7.5834,15513.27304,96.52661691,53.2
Colombia,COL,76.732,98.4,2.35762E+11,4.57531,35.98056,NA,0.8,94.65385,1.360060673,48171392,101.7113,6,182714,5.91234407,829.8029221,8.691800117,17.5007,19.892,67.9844,14259.6093,121.8160055,58.13649357
Comoros,COM,63.7,77.42182159,956273334.8,NA,NA,NA,50.7,NA,2.310060155,795592,NA,7,NA,7.63108978,115.8463352,NA,NA,71.381,67.17,2689.060126,57.11331939,7.938322771
"Congo, Dem. Rep.",COD,59.655,17.97540092,28552802601,NA,NA,NA,59.8,77.04268,3.282914628,78789127,NA,6,NA,3.87116143,34.48820942,NA,NA,56.693,125.2448,868.6133562,36.66662914,6.20997406
"Congo, Rep.",COG,63.556,61.73005295,5356244483,NA,NA,NA,38.7,NA,2.539585634,4980999,NA,7,NA,4.63481785,263.2898074,NA,NA,33.999,113.4524,5833.995644,108.8938839,8.121949323
Costa Rica,CRI,79.738,99.5,50986548361,1.45387,34.0248,NA,0.9,NA,1.057570381,4899345,97.32091,5,36355,7.55572353,1248.547928,NA,NA,22.265,54.7214,16278.6019,170.0362804,65.88044919
Cote d'Ivoire,CIV,56.567,64.3,33406005292,12.98358,44.45114,NA,47.2,NA,2.536099761,23822714,64.16321,7,66852,4.40362075,162.6449615,2.59920001,3.884299994,50.119,118.9842,3665.550486,115.2314132,41.20781493
Croatia,HRV,78.02195122,100,41306883692,1.59305,NA,NA,0.1,NA,-0.698383457,4174349,101.02,8,51843,7.18008037,1705.207618,13.10340023,31.27059937,43.597,9.1792,24524.48405,104.888678,72.69726967
Cuba,CUB,78.607,99.64740753,NA,5.46626,NA,NA,1,NA,0.091156671,11335109,92.82561,6,88441,12.19122021,2457.668045,NA,NA,23.07,52.0242,NA,35.18185629,42.97867519
Curacao,CUW,77.7195122,100,NA,NA,NA,NA,NA,NA,1.060316441,159664,NA,6,NA,NA,NA,NA,NA,10.728,29.3708,27679.64479,115.8905198,61.85551074
Cyprus,CYP,80.513,100,17432344289,NA,NA,NA,0.3,NA,0.789478236,1170187,NA,6,7000,6.87966475,2270.831744,12.94979954,29.05979919,33.119,4.6978,33682.47908,133.4172747,75.9002054
Czech Republic,CZE,79.02682927,100,1.41116E+11,0.33079,13.23953,NA,0.2,NA,0.192048416,10566332,97.06747,8,NA,7.14959908,2484.633529,3.951400042,10.50599957,26.43,11.728,35230.52246,117.5742832,76.4811987
Denmark,DNK,80.85365854,100,2.63077E+11,0.01017,NA,NA,0.3,NA,0.780392644,5728010,103.8827,6,NA,10.35004017,5092.980309,6.180699825,12.00030041,12.358,4.1856,50694.19219,122.300966,96.96778525
Djibouti,DJI,65.064,58.65936661,1365240533,42.61848,NA,NA,31.3,NA,1.640637851,929112,67.35251,7,2580,3.50192451,122.0756057,NA,NA,22.472,19.4152,NA,37.15870638,13.13491511
Dominica,DMA,NA,100,443584755.4,0.95625,NA,NA,NA,NA,0.174047346,71307,113.9267,5,556,5.30393975,580.6576705,NA,NA,30.12,NA,11287.57817,110.008835,67.03
Dominican Republic,DOM,73.471,98.9,64920856409,4.57933,NA,NA,2.2,93.77846,1.122509257,10397743,99.15803,6,NA,6.16130052,936.82159,NA,NA,20.564,94.9256,15613.14817,83.75022036,63.87086474
Ecuador,ECU,76.365,98.7,82378656370,1.07116,NA,NA,0.6,94.35023,1.70688086,16491115,103.5557,6,87924.2,8.38714107,942.8866596,4.597000122,10.34589958,36.466,79.9576,11222.07849,84.18035505,54.06292473
"Egypt, Arab Rep.",EGY,71.482,100,3.03119E+11,0.51305,NA,NA,2,NA,2.14522549,94447072,96.90645,6,591205,4.63781726,516.3431545,12.40670013,30.80599976,57.268,54.207,11294.24924,103.540997,41.24806709
El Salvador,SLV,72.644,96,20279516164,10.42136,47.18061,NA,2,88.14177,0.489210768,6356143,92.97918,6,19508.7,6.95775683,599.5487168,4.418300152,9.797800064,29.499,70.2702,7686.02636,151.6211797,28.99707305
Equatorial Guinea,GNQ,57.713,66.88643646,5927048903,NA,NA,NA,22.3,NA,3.911232347,1215179,NA,6,NA,3.37653274,838.744272,NA,NA,28.862,157.8528,26232.13378,47.37158281,23.77999997
Eritrea,ERI,65.111,47.15074921,NA,NA,NA,NA,45.6,NA,NA,NA,NA,7,6435,2.95931347,55.33103421,NA,NA,NA,54.1058,NA,14.9856792,1.17711872
Estonia,EST,77.64146341,100,19519133536,2.63127,24.96741,NA,0.1,NA,0.029112226,1315790,96.44263,6,9133,6.68368438,1987.718156,6.761700153,13.40330029,31.437,9.3846,30897.54691,144.1630523,87.24023275
Eswatini,SWZ,56.962,69.7984848,3274717283,15.62866,NA,NA,27.9,NA,0.896297661,1113984,95.14886,5,6966,7.69694547,663.2525798,22.71769905,47.06259918,76.541,77.318,10237.8624,89.31801432,28.57352278
Ethiopia,ETH,65.482,42.9,54412916206,NA,NA,NA,43.7,NA,2.708106304,103603501,NA,6,NA,3.97401588,69.52478888,NA,NA,80.134,68.9772,1746.16277,49.44236323,15.36692386
Faroe Islands,FRO,82.19756098,100,NA,NA,NA,NA,NA,NA,0.253575128,48173,NA,NA,NA,NA,NA,NA,NA,58.223,NA,NA,113.1069271,95.10868167
Fiji,FJI,67.175,96.67555237,3982301631,0.5569,NA,NA,2.9,NA,0.433308394,872399,107.0184,7,NA,3.46146795,313.1713121,4.319499969,15.39869976,44.765,48.663,9683.624529,119.7485325,46.50697831
Finland,FIN,81.42926829,100,1.97041E+11,0.72933,20.51118,NA,0.1,NA,0.287421402,5495303,100.885,6,40768,9.49305799,4112.054234,8.818400383,20.14909935,14.725,6.135,43729.96449,133.9848042,87.70364996
France,FRA,82.52439024,100,2.07634E+12,0.1672,20.73777,NA,0.3,NA,0.399244807,66859768,NA,7,NA,11.53929503,4782.288549,10.05679989,24.61610031,20.083,5.1112,42047.28724,104.4897355,79.26981132
French Polynesia,PYF,77.024,100,NA,NA,NA,NA,NA,NA,0.529854316,274575,NA,NA,NA,NA,NA,NA,NA,38.266,39.1822,NA,102.0162069,68.44041949
Gabon,GAB,65.418,91.05812836,10014470002,NA,NA,NA,20.6,NA,3.043395155,2007873,NA,7,NA,3.11291313,555.6279022,NA,NA,11.441,98.2148,17839.8973,147.543495,48.05227375
"Gambia, The",GMB,61.166,54.74732208,1003229372,22.34824,NA,NA,29.7,NA,2.988605658,2149139,69.27261,6,NA,4.43153755,74.31114618,NA,NA,40.082,80.7266,1558.69557,132.0589763,18.5
Georgia,GEO,73.207,100,12131152826,2.04718,NA,NA,0.2,NA,0.059816599,3727505,115.434,6,36886,8.43609722,797.1759528,16.60390091,36.03310013,42.163,47.456,9993.515121,137.7647586,58.45928961
Germany,DEU,80.9902439,100,2.94778E+12,0.4924,12.92094,NA,0.6,NA,0.807218539,82348669,97.9372,9,588926.5,11.13916763,5463.330652,4.121799946,7.051000118,22.776,8.0886,49921.33062,125.8854564,84.16520664
Ghana,GHA,63.124,79.3,37410079421,NA,NA,NA,18.8,NA,2.246599268,28481946,NA,6,147969,4.44871433,189.3748859,NA,NA,45.251,67.644,4135.645001,134.4889824,34.66600065
Gibraltar,GIB,NA,100,NA,0.29809,NA,NA,NA,NA,0.002964149,33737,94.68085,4,125,NA,NA,NA,NA,0,NA,NA,121.9314106,94.44447158
Greece,GRC,81.38780488,100,1.61778E+11,1.5167,NA,NA,0.1,NA,-0.415913028,10775971,97.33734,6,78827,8.45429347,2261.15653,23.53910065,47.30479813,21.613,7.4862,27273.93458,118.122548,69.08791547
Greenland,GRL,NA,100,NA,NA,NA,NA,NA,NA,0.128227978,56186,NA,NA,NA,NA,NA,NA,NA,13.674,NA,NA,NA,68.50087368
Grenada,GRD,72.408,93.65990448,NA,NA,56.7574,NA,0.3,NA,0.602203221,110261,NA,5,773,5.24666501,745.1027805,NA,NA,63.928,30.4132,13844.14347,107.9012525,55.85640782
Guam,GUM,79.391,100,NA,NA,NA,NA,NA,NA,0.676102623,162951,NA,NA,NA,NA,NA,5.400000095,NA,5.383,33.11,NA,NA,77.00999989
Guatemala,GTM,73.541,91.92584229,57952923909,12.70308,55.46525,NA,6.3,NA,2.013931786,16583060,79.13231,6,98419,5.82031093,462.405855,2.582999945,5.692900181,49.681,72.4582,7955.320011,110.1395181,34.50932609
Guinea,GIN,60.17,33.5,6624936655,21.91268,40.52155,NA,44.6,NA,2.644487343,11738441,59.66737,7,NA,5.47827339,107.7236555,NA,NA,64.54,137.4098,2167.247349,94.64639604,9.8
Guinea-Bissau,GNB,57.328,23.19525909,992025235.5,NA,NA,NA,35.3,NA,2.570575611,1782437,NA,6,NA,6.09011769,97.97199975,NA,NA,57.467,105.4184,1648.438332,72.13911508,3.761413832
Guyana,GUY,69.454,89.60477448,2922700350,NA,NA,NA,3.6,NA,0.511309291,771366,NA,5,NA,4.24328719,332.6745536,NA,NA,73.518,76.118,7864.890612,75.79508095,35.66
Haiti,HTI,62.896,40.4,7483162505,NA,NA,NA,23.8,61.69135,1.341320934,10839970,NA,7,NA,5.38571841,95.4432869,NA,NA,46.604,52.854,1787.159285,60.0002583,12.23260161
Honduras,HND,74.701,91.6,18685539188,18.83383,NA,NA,3.6,88.98748,1.717638855,9270795,80.47022,6,44956,8.40196647,400.3364097,6.727099895,12.60060024,44.187,74.3484,4683.126696,84.48900013,29.5
"Hong Kong SAR, China",HKG,84.22682927,100,NA,1.78979,21.33549,NA,NA,NA,0.619366345,7336600,104.1517,6,30063,NA,NA,3.390000105,9.760000229,0,2.7682,58755.30806,242.7675438,87.47941467
Hungary,HUN,76.06341463,100,1.01651E+11,2.23319,16.21778,NA,0.2,NA,-0.295110605,9814023,98.59476,8,80741,7.36479381,1963.16263,5.114900112,12.92560005,29.221,23.2462,26851.62497,102.0406696,79.25941213
Iceland,ISL,82.20487805,100,16835345159,0.45629,27.93969,NA,0.1,NA,1.388081496,335439,NA,7,NA,8.29151473,4245.108988,2.977900028,6.511799812,6.265,6.8872,52582.29385,120.8927593,98.2400163
India,IND,68.897,89.64585876,1.99267E+12,NA,NA,NA,18.6,NA,1.08988008,1324509589,96.2307,7,4638710,3.65833057,241.4830553,NA,NA,66.818,16.152,6634.844635,85.14868348,22
Indonesia,IDN,71.035,97.62,7.34093E+11,6.37853,NA,NA,7.1,95.37697,1.219765616,261554226,NA,6,1674317,3.12449094,362.7219413,4.300700188,15.82079983,46.011,47.9942,11604.52525,147.4150225,25.4473537
"Iran, Islamic Rep.",IRN,76.047,100,3.24442E+11,0.2153,28.85249,NA,1,85.54425,1.356248244,79564016,100.2644,6,305644,8.10277065,1563.751678,12.43000031,29.15999985,26.12,39.4222,20150.32226,101.2018754,53.22677167
Iraq,IRQ,70.122,99.98625183,1.36698E+11,NA,NA,NA,3,NA,2.877254128,36610632,NA,6,NA,3.31216318,NA,10.81999969,22.67000008,29.906,73.285,17828.39349,91.35870695,21.23
Ireland,IRL,81.70487805,100,1.76154E+11,0.01164,37.31684,NA,0.1,NA,1.128834064,4755335,NA,5,NA,7.37830423,5299.653967,8.373900414,16.80019951,37.263,8.1676,70522.22592,103.8191107,85.01113212
Isle of Man,IMN,NA,100,NA,NA,NA,NA,NA,NA,0.063655637,83287,NA,NA,NA,NA,NA,2.667321205,NA,47.657,NA,NA,NA,NA
Israel,ISR,82.40731707,100,2.74591E+11,0.32171,38.91034,NA,0.2,NA,1.960348962,8546000,103.5788,6,NA,7.31441124,2843.044007,4.797999859,8.630999565,7.744,9.9942,37513.39164,130.3492361,79.65312418
Italy,ITA,83.24390244,100,1.53761E+12,2.0465,23.94555,NA,0.1,NA,-0.169884073,60627498,97.74971,8,456891,8.93549301,3427.306466,11.6882,37.76900101,30.145,5.3708,39045.16817,141.6939815,61.32425277
Jamaica,JAM,74.175,98.48193359,12306697926,13.30002,35.87399,NA,0.6,NA,0.524973438,2906238,85.9205,5,11974,6.0723917,535.6645833,13.19180012,31.81340027,44.902,54.3564,8761.976598,112.4252814,44.36685637
Japan,JPN,83.98487805,100,4.00198E+12,NA,NA,NA,0.2,NA,-0.115284177,126994511,NA,6,638414,10.92612327,4592.428208,3.099999905,5.099999905,8.543,3.9198,41118.07804,130.5952482,93.18272128
Jordan,JOR,74.184,100,34870579736,23.12796,42.53879,NA,0.6,NA,3.028091537,9551467,72.06589,6,NA,5.46821058,494.7536463,15.27499962,NA,9.494,26.3184,8983.166342,102.7648325,62.30219257
Kazakhstan,KAZ,72.3,100,1.01385E+11,0.1952,NA,NA,0.4,NA,1.42204614,17794055,110.2986,7,252152,3.52614962,858.76985,4.960000038,NA,42.736,30.062,25314.86554,143.2053265,74.58772647
Kenya,KEN,65.393,65.4,59832959727,NA,NA,NA,51.2,NA,2.421143197,49051686,99.67874,6,NA,4.54957525,143.5442376,2.757400036,7.355400085,73.895,77.293,3121.830489,79.47190398,16.6
Kiribati,KIR,67.577,93.73774719,331294662.9,1.76038,NA,NA,16.7,NA,1.426716047,112524,100.8696,7,NA,11.85986702,249.8413143,NA,NA,47.55,17.1684,2210.850719,46.21236358,13.7
"Korea, Dem. People’s Rep.",PRK,71.711,41.71841049,NA,NA,NA,NA,1.4,NA,0.490819484,25307744,NA,6,NA,NA,NA,NA,NA,38.529,0.2882,NA,14.24864759,NA
"Korea, Rep.",KOR,82.27560976,100,1.14896E+12,NA,NA,NA,1.8,NA,0.451318044,51245707,98.01557,6,233461,7.33752488,2711.738257,3.700000048,10.69999981,18.438,1.4564,37142.8329,120.2263275,92.84302568
Kosovo,XKX,71.64634146,100,NA,NA,NA,NA,NA,NA,0.796024104,1816200,NA,NA,NA,NA,NA,27.46999931,52.36000061,NA,NA,10211.51289,NA,NA
Kuwait,KWT,75.224,100,1.04501E+11,2.70151,NA,NA,0.1,NA,3.113053701,3956873,100.579,7,42121,3.903945,2899.260238,2.160000086,15.43000031,0,8.4444,75689.27575,193.571063,78.36738376
Kyrgyz Republic,KGZ,70.95121951,99.99534607,5245983644,0.37281,NA,NA,0.8,NA,2.037224422,6079500,101.7859,7,66932,6.62528772,240.2266108,7.210000038,15.53999996,64.056,35.014,3567.812684,125.3393872,37
Lao PDR,LAO,66.924,90.81182098,11999376764,5.99015,NA,NA,11.3,NA,1.540943466,6845846,99.73227,7,36260,2.36087478,154.6294593,NA,NA,66.264,65.8612,6473.230549,57.82353269,21.87
Latvia,LVA,74.5804878,100,21596815892,1.7373,32.01818,NA,0.1,NA,-0.913885332,1959537,98.0601,6,14369,6.24292955,1589.692045,9.642900467,17.28590012,31.979,15.9946,25839.91236,134.240928,79.84209778
Lebanon,LBN,78.8,100,41170320782,NA,NA,NA,0.8,NA,2.69490347,6711121,NA,6,50049,8.01673185,1147.374774,NA,NA,11.734,14.8948,12693.56418,63.70068515,76.11
Lesotho,LSO,52.059,31.87130165,2164464396,5.33576,NA,NA,44.4,NA,0.773100849,2075001,85.62885,5,5559,8.0765782,242.7299997,NA,NA,72.683,91.9832,3169.362463,110.0185058,27.36
Liberia,LBR,62.802,19.8,1669264662,15.09707,NA,NA,41.5,NA,2.529283132,4586788,NA,6,NA,9.61511081,133.1485972,3.080600023,2.304399967,49.746,136.578,1269.886223,67.95610958,7.319106411
Libya,LBY,72.311,71.69437408,24176548392,NA,NA,NA,0.6,NA,1.1440289,6492164,NA,6,NA,NA,NA,NA,NA,20.46,5.8402,14964.52288,117.9894772,20.27215956
Liechtenstein,LIE,82.25853659,100,NA,0.32448,NA,NA,NA,NA,0.500480227,37658,100.2519,7,339,NA,NA,NA,NA,85.697,NA,NA,117.6323756,98.09390389
Lithuania,LTU,74.67073171,100,NA,0.10045,18.8941,NA,0.1,NA,-1.270694533,2868231,101.89,8,32633,6.67158258,1978.269356,7.862100124,14.45470047,32.634,11.3688,30299.91893,145.513378,74.37664556
Luxembourg,LUX,82.68536585,100,32755585579,0.23874,NA,NA,0.1,NA,2.155311988,582014,79.07543,7,5405,6.16378558,6374.203539,6.290699959,18.87590027,9.54,5.0624,105082.0735,131.8915037,98.13669867
"Macao SAR, China",MAC,83.854,100,NA,2.21599,NA,NA,NA,96.53849,1.769873208,612836,98.21862,6,2696,NA,NA,1.899999976,4.794499874,0,2.546,105429.2544,321.4517424,81.64298546
Madagascar,MDG,65.931,22.9,8915680227,NA,NA,NA,30.2,NA,2.688183812,24894380,67.57843,7,NA,6.00363747,90.42908953,NA,NA,64.144,111.6784,1507.942283,32.12876245,4.713662899
Malawi,MWI,62.681,11,3653119257,NA,43.92015,NA,28.3,NA,2.709903551,17205289,NA,6,NA,9.83034233,115.156902,NA,NA,83.494,134.9854,1230.416571,41.72202909,11.47
Malaysia,MYS,75.649,100,2.31085E+11,0.17936,33.78704,NA,0.4,93.7347,1.357864517,30684804,100.0088,6,208866,3.80219497,1052.54758,3.440000057,10.46000004,25.16,13.361,28185.53904,141.6506114,78.78830993
Maldives,MDV,78.013,99.96797943,3510483339,2.70706,36.39613,NA,0.3,97.73495,4.428363294,475513,106.9581,5,NA,10.61083995,1628.542879,6.119900227,15.93480015,61.046,8.4072,14055.93816,170.7902219,59.09258997
Mali,MLI,57.987,39.7546196,10603428468,37.86128,39.57861,NA,70.7,NA,2.975295283,17965429,51.04618,6,52033,3.81961944,81.18253226,1.366999984,2.344599962,59.217,171.0826,2131.589703,112.5365904,11.11218649
Malta,MLT,82.45365854,100,NA,1.2194,NA,NA,0.1,NA,2.288615441,455356,101.8052,7,3991,9.29531092,3511.136456,NA,10.69970036,5.52,12.9606,38338.88418,134.252242,78.0751488
Marshall Islands,MHL,NA,93.50395966,NA,24.02092,NA,NA,NA,NA,0.514006029,57735,70.85459,6,NA,23.28730052,934.4448806,NA,NA,23.772,NA,3701.799994,NA,29.78777936
Mauritania,MRT,64.208,41.35232162,3033735026,26.51705,55.90347,NA,38.6,NA,2.856110242,4163534,NA,7,7582,4.2410152,163.9174489,NA,NA,48.038,72.6426,3984.21489,86.80541261,18
Mauritius,MUS,74.39487805,97.97086334,10029142683,1.5011,21.64483,NA,0.6,93.15784,0.068723138,1263473,101.0687,7,NA,5.745666,1206.739779,6.813499928,22.79710007,59.09,26.2642,21151.24777,143.755473,52.19132594
Mexico,MEX,74.917,99.5,8.47557E+11,0.65455,32.45208,NA,1.1,94.85962,1.203251329,123333376,103.9694,6,841700,5.46900124,971.8231599,3.858999968,7.665100098,20.423,61.486,18781.84292,90.59237542,59.540446
"Micronesia, Fed. Sts.",FSM,67.471,78.45517731,NA,NA,NA,NA,3.6,NA,1.204888841,110215,NA,6,NA,12.56300745,431.5863848,NA,NA,77.474,14.8504,3370.005239,21.24211768,33.35216255
Moldova,MDA,71.617,100,6843122563,8.45875,22.51997,NA,0.1,NA,-0.060624297,3551954,89.78202,7,24599,8.98095464,480.3830005,4.184999943,11.21969986,57.489,23.0854,6424.371219,93.17465849,70.99999911
Monaco,MCO,NA,100,NA,NA,12.70133,NA,NA,NA,0.92891363,38070,NA,7,NA,1.74986203,3019.134645,6.329999924,26.64999962,0,NA,NA,87.46256895,95.20817797
Mongolia,MNG,69.321,84.32501221,7829859348,0.66065,28.74937,NA,1.3,NA,1.913251831,3056359,92.99312,7,21753,3.8090161,466.6912181,7.235099792,20.78289986,31.703,30.1106,12140.84709,110.1823278,22.2657705
Montenegro,MNE,76.568,100,3883407485,5.42184,NA,NA,0.1,NA,0.023142531,622303,90.39073,8,NA,7.64204428,1333.9299,17.72330093,35.91519928,33.859,10.1164,17866.47225,165.9184968,69.88164684
Morocco,MAR,75.974,99.96437073,89395906583,4.36659,NA,NA,1.9,NA,1.32597922,35126296,95.04204,6,NA,5.83767147,465.6996018,9.300000191,22.23999977,38.64,31.5508,7890.997167,118.1848162,58.27123642
Mozambique,MOZ,58.309,26.11211967,8526326417,9.23356,NA,NA,27.6,NA,2.872120456,27829942,NA,5,31000,5.0661965,61.64512077,NA,NA,65.074,150.7298,1260.873756,53.99077066,17.52123909
Myanmar,MMR,66.205,55.6,57815327503,NA,NA,NA,12.6,75.5512,0.689521233,53045226,87.00088,6,155858,5.08779798,291.0885467,NA,NA,69.918,28.7724,5709.871361,95.3647362,25.07330424
Namibia,NAM,62.625,50.90645599,9572860431,NA,NA,NA,18.3,NA,1.846297158,2358041,NA,NA,NA,9.12250271,969.2581347,23.35180092,44.88299942,52.039,66.698,11200.42788,112.803281,31.03334594
Nauru,NRU,NA,99.42989349,NA,2.80913,NA,NA,NA,NA,4.498486084,13049,131.0185,6,40,11.10191475,1246.30218,NA,NA,0,NA,13982.20157,94.51073986,NA
Nepal,NPL,69.848,90.7,19791952316,1.67128,NA,NA,19.8,NA,0.906849996,27261131,116.8022,7,113385,6.29441655,155.9695883,NA,NA,81.058,67.3106,2641.971128,117.8146017,19.68876384
Netherlands,NLD,81.56097561,100,6.39754E+11,NA,21.22068,NA,0.2,NA,0.53217888,17030314,NA,6,111849.2,10.35932019,5251.241578,6.006299973,10.81540012,9.365,3.92,51338.57326,123.0177086,90.4109589
New Caledonia,NCL,76.96150074,100,NA,NA,NA,NA,NA,NA,1.512006217,276550,NA,NA,NA,NA,NA,NA,NA,30.179,15.4026,NA,NA,NA
New Zealand,NZL,81.61243902,100,1.556E+11,0.95791,26.12523,NA,0.1,NA,2.099356886,4693200,NA,7,35054.38,9.22193561,3664.721546,5.099999905,13.21199989,13.6,20.0018,39122.54213,130.9219373,88.47018635
Nicaragua,NIC,73.86,85.21810913,11163730108,NA,NA,NA,2.2,NA,1.288955673,6303974,NA,5,NA,8.74635494,484.5322902,NA,NA,41.91,86.7808,5400.217904,122.8671311,24.57183396
Niger,NER,61.137,18.89648247,6094463779,36.42953,50.66764,NA,70.8,NA,3.860078795,20788838,71.62694,7,26839,6.22894111,61.43025084,NA,NA,83.71,189.379,984.6831336,35.94148156,4.32275803
Nigeria,NGA,53.541,59.3,3.42185E+11,NA,NA,NA,68.6,NA,2.627702662,185960289,NA,6,NA,3.64671499,213.7372371,NA,NA,51.317,109.274,5882.98734,82.99740158,25.67
North Macedonia,MKD,75.498,100,8308174548,NA,NA,NA,0.1,NA,0.068123807,2080745,NA,8,NA,6.34410858,934.575011,23.72439957,48.23020172,42.437,16.1822,14813.35745,98.54624045,72.15681447
Northern Mariana Islands,MNP,NA,100,NA,NA,NA,NA,NA,NA,0.728782877,56188,NA,NA,NA,NA,NA,NA,NA,8.557,NA,NA,NA,NA
Norway,NOR,82.40731707,100,3.07438E+11,0.11047,22.83837,NA,0.2,NA,0.880969815,5234519,100.8554,6,50972.48,10.50063009,6203.454703,4.678899765,11.15190029,18.515,5.3206,58138.43771,109.1149238,97.29820367
Oman,OMN,77.142,100,45631098328,0.12104,NA,NA,0.1,94.89999,4.845614386,4479219,103.6481,6,NA,4.29254957,2826.846956,3.269999981,13.71000004,17.5,13.4434,42375.54543,153.2914555,76.84539047
Pakistan,PAK,66.77,71.41359711,2.7927E+11,27.83319,NA,NA,19.6,NA,2.084320949,203627284,64.95687,7,590003,2.75283024,144.1238241,NA,NA,63.766,39.3426,4975.654395,67.02750435,12.38544676
Palau,PLW,NA,100,NA,NA,NA,NA,NA,NA,0.339079161,17725,NA,6,NA,11.68764783,1891.917323,NA,NA,21.225,NA,18531.53966,NA,NA
Panama,PAN,77.964,96.81897736,47839472409,NA,NA,NA,1.9,NA,1.713624922,4037078,NA,6,23777,7.26068297,1750.298851,3.314599991,8.210599899,32.973,82.8346,23195.81113,127.3636031,54
Papua New Guinea,PNG,63.744,49.4,14312161247,7.33083,NA,NA,16.3,NA,2.002382597,8271760,77.12385,6,14791,1.97579249,92.26734054,NA,NA,86.95,53.4388,4208.78221,45.7218184,9.601538462
Paraguay,PRY,73.836,98.4,29711745242,NA,36.43652,NA,1.5,94.65024,1.323677576,6777872,NA,6,NA,8.02487617,767.7671156,NA,NA,38.974,70.9886,12287.98588,110.4988999,53.40412748
Peru,PER,76.044,94.2,1.57068E+11,0.31672,34.8408,100000000,1.3,94.17367,1.483160681,30926032,104.5289,5,191963,5.14391365,680.9994927,NA,NA,22.461,57.9692,13404.22221,119.4241828,45.46174069
Philippines,PHL,70.802,92.31915283,3.36836E+11,3.31137,NA,488800000,4.2,NA,1.507207616,103663927,103.1346,4,314482,4.38594904,342.286822,2.707799911,7.675000191,53.525,54.779,7784.136699,115.8522806,55.5
Poland,POL,77.85121951,100,3.95609E+11,NA,31.70244,NA,0.1,NA,-0.042985131,37970087,101.7504,6,267777,6.51647873,1784.396984,6.16079998,17.65909958,39.822,11.297,27735.35085,139.5179369,73.3007041
Portugal,PRT,81.12439024,100,1.66375E+11,1.84868,NA,NA,0.2,NA,-0.315459017,10325452,NA,6,79425,9.07636096,2778.415587,11.06620026,27.95299911,35.914,8.9868,31042.00577,112.0724654,70.42356709
Puerto Rico,PRI,79.49497561,100,NA,21.02849,NA,NA,NA,NA,-1.938266646,3406495,NA,6,13753,NA,NA,11.80000019,NA,6.398,32.3972,38383.03576,99.05733105,68.6438072
Qatar,QAT,79.868,100,1.19623E+11,2.65291,NA,NA,0.1,93.1453,3.397360191,2654374,94.74805,6,9582,3.07944355,3926.121037,0.150000006,0.49000001,0.985,10.1912,123573.6308,137.606042,95.12466217
Romania,ROU,75.3097561,100,1.49601E+11,9.65598,NA,NA,0.4,NA,-0.572649651,19702332,91.86003,8,125023,4.98040299,1152.175449,5.901400089,20.60289955,46.1,36.281,23868.0692,115.6782699,59.50395129
Russian Federation,RUS,71.65121951,100,1.03431E+12,0.59348,NA,NA,0.1,NA,0.170244546,144342396,96.14293,7,NA,5.27112755,1329.29242,5.55880022,16.4633007,25.836,21.8432,24072.27793,157.718498,73.09143462
Rwanda,RWA,67.93,29.37,6616792524,0.7744,34.61112,NA,19.3,NA,2.602355764,11668818,69.06014,6,30805,6.76069372,130.380629,NA,NA,82.944,39.4002,1978.270386,76.45612537,20
Samoa,WSM,72.895,99.78393555,678137390,1.35022,37.04896,NA,1.5,NA,0.526740178,194535,110.7066,7,NA,5.53209386,352.799723,NA,NA,81.319,24.759,6407.341199,77.62510602,29.41173011
San Marino,SMR,NA,100,NA,NA,NA,NA,NA,NA,0.694863225,33504,NA,8,NA,6.39562063,3831.99806,6.449999809,27.39999962,3.09,NA,61250.86378,109.1511461,NA
Sao Tome and Principe,STP,69.67,70.0741806,156604295.4,NA,NA,NA,11.4,NA,1.88502548,203227,77.48247,6,936,5.99199802,196.8968792,NA,NA,28.908,95.7772,3189.251813,87.60991404,28
Saudi Arabia,SAU,74.761,100,5.30697E+11,NA,NA,NA,0.1,NA,2.259766669,32442572,115.576,6,NA,5.74181331,3117.233527,5.650000095,24.19000053,16.599,7.9412,54159.80176,147.7417643,74.87927469
Senegal,SEN,67.078,64.5,16112060395,26.46706,31.31751,NA,23.9,NA,2.807361306,14993528,59.85945,7,56844,5.51241197,141.6948615,NA,NA,53.704,74.9002,3351.536617,101.2869961,25.66476804
Serbia,SRB,75.68780488,100,29846515042,0.83144,NA,NA,0.7,98.84151,-0.523694463,7058322,98.83048,8,66286,9.13502874,1322.563548,15.25739956,34.93730164,44.19,15.5176,15615.23211,102.7161171,67.05684137
Seychelles,SYC,74.3097561,100,1095025880,1.72175,30.57084,NA,0.2,NA,1.33763478,94677,112.6462,7,638,3.93610353,1122.563754,3.964900017,11.54370022,44.169,61.9018,27672.51882,158.6636715,56.51470815
Sierra Leone,SLE,53.444,20.3,2595269003,0.511,35.65482,NA,81.3,NA,2.164441213,7328838,68.33249,7,22129,16.53171514,244.0434511,NA,NA,58.772,115.5808,1486.044852,85.67897704,11.77318438
Singapore,SGP,82.84634146,100,2.48754E+11,0.01039,NA,NA,0.1,97.04959,1.297436099,5607283,99.78927,4,15384,4.46958366,4083.751681,4.079999924,9.130000114,0,3.6058,91452.04273,149.6506495,84.45226789
Sint Maarten (Dutch part),SXM,NA,100,NA,NA,NA,NA,NA,NA,2.903978461,39969,NA,5,NA,NA,NA,NA,NA,0,NA,34568.38463,NA,NA
Slovak Republic,SVK,77.16585366,100,70275102574,6.47642,22.21594,NA,0.1,NA,0.12892233,5430798,92.44306,9,40403,7.12513052,2172.16039,9.670200348,22.20929909,46.194,25.04,30895.98943,128.4435529,80.47585728
Slovenia,SVN,81.17560976,100,34461537582,0.46636,28.76522,NA,0.1,NA,0.073197207,2065042,97.90015,7,15351,8.46829514,2772.229776,8.000100136,15.22539997,45.98,3.9668,33183.99737,115.0200317,75.49850426
Solomon Islands,SLB,72.424,58.63657379,854361007.9,NA,NA,NA,6.2,NA,2.669813517,619437,88.32666,7,NA,5.17074913,117.7578748,NA,NA,77.177,78.003,2276.800108,67.24999112,11.00090227
Somalia,SOM,56.324,31.16604233,NA,NA,NA,NA,86.6,NA,2.776253649,14185613,NA,6,NA,NA,NA,NA,NA,56.184,102.1432,NA,46.89983586,1.88
South Africa,ZAF,63.153,84.2,2.39005E+11,NA,NA,NA,13.7,NA,1.464829214,56203654,87.25533,5,192359,8.1098146,1071.347104,26.55069923,53.37149811,34.659,68.7216,13247.65048,146.6221873,54
South Sudan,SSD,57.12,22.01080132,NA,NA,36.35943,NA,63.3,NA,1.084594613,10832512,NA,6,NA,NA,NA,NA,NA,80.908,65.2468,1811.677392,24.92495281,6.679728051
Spain,ESP,83.32926829,100,1.02351E+12,0.95535,26.93569,NA,0.2,98.25051,0.083369566,46483569,101.2097,6,286786,8.97038932,3259.802775,19.63470078,44.43629837,20.16,7.9744,36715.84531,110.480234,80.56133294
Sri Lanka,LKA,76.482,95.75769043,73716448265,0.93993,34.89671,NA,1.2,92.3869,1.104983619,21203000,101.1093,8,150320,3.89324108,491.4933648,4.242499828,21.04770088,81.689,21.1102,12359.34586,122.7200854,16.4
St. Kitts and Nevis,KNA,NA,100,NA,1.0811,NA,NA,NA,NA,0.82079272,51625,98.08482,5,527,5.67183165,1479.570854,NA,NA,69.21,NA,29778.61885,148.3447942,76.81767491
St. Lucia,LCA,75.752,98.06130219,1321496302,1.35713,26.37935,NA,0.6,NA,0.500070651,180024,95.49051,5,1077,5.30656361,677.4015625,21.26269913,46.23690033,81.442,41.2616,12910.98609,98.12469449,46.72907806
St. Martin (French part),MAF,79.62195122,100,NA,NA,NA,NA,NA,NA,0.575617178,36065,NA,NA,NA,NA,NA,NA,NA,NA,NA,NA,NA,NA
St. Vincent and the Grenadines,VCT,72.193,99.90895081,720740495.7,0.78128,37.51336,NA,1.3,NA,0.28452905,109459,98.73208,5,706,3.56292208,409.1400582,NA,NA,48.627,50.1176,11496.98535,102.9143332,20.68943522
Sudan,SDN,64.663,52.87844467,74897810528,40.82458,NA,NA,17.3,NA,2.398807904,39847440,59.83708,5,NA,5.6648529,297.8559082,NA,NA,65.879,67.196,4703.856808,69.78439192,14.09999994
Suriname,SUR,71.358,95.96812439,1847823561,9.43366,NA,NA,2,NA,1.022222701,564888,88.04,7,NA,6.06415279,907.6043907,NA,NA,33.96,62.422,14622.05054,142.8391115,45.4
Sweden,SWE,82.30731707,100,4.33866E+11,0.14657,24.1059,NA,0.2,NA,1.256453985,9923085,105.2293,6,66363,10.93479344,5386.734023,6.989999771,18.93490028,13.148,5.1434,49084.06554,127.5231707,89.65094761
Switzerland,CHE,83.60243902,100,5.36476E+11,0.01341,28.94818,NA,0.1,NA,1.092031174,8373338,96.82687,7,62387,12.24760438,7867.394505,4.917900085,8.583600044,26.261,2.911,64215.86026,134.1553264,89.13468774
Syrian Arab Republic,SYR,70.315,89.72550201,NA,NA,NA,NA,3.7,NA,-3.066273746,17453933,NA,6,NA,NA,NA,NA,NA,47.165,39.5312,NA,76.43527339,31.86962727
Tajikistan,TJK,70.397,99.88729095,7080031421,1.85199,NA,NA,2.7,NA,2.448490246,8663579,95.38155,7,NA,6.99849461,208.5064842,NA,NA,73.149,55.7464,3006.511141,108.5001937,20.47
Tanzania,TZA,63.844,32.8,43982753239,15.43952,NA,NA,38.4,NA,3.000522906,53050790,61.57209,6,113409,4.13992059,111.9788427,NA,NA,67.667,119.34,2926.328043,75.48495237,13
Thailand,THA,76.403,100,3.15761E+11,NA,NA,NA,3.5,NA,0.373052587,68971331,NA,6,246711,3.71143463,635.021796,NA,NA,51.552,46.239,16961.26557,173.5054814,47.50496562
Timor-Leste,TLS,68.735,76.5,1380103428,5.42296,NA,NA,9.9,NA,1.903194981,1219288,99.2806,6,NA,4.02059179,121.6757726,4.657299995,13.19209957,70.15,34.7982,8168.746889,122.3766657,25.24624959
Togo,TGO,60.22,47.37870026,3515112618,8.05022,64.06315,NA,41.6,NA,2.518741857,7509952,92.71515,7,NA,6.61568574,99.90314053,NA,NA,59.372,89.6202,1620.703081,73.30838776,11.31
Tonga,TON,70.607,97.02,367900734.7,NA,NA,NA,1.4,NA,0.348663646,101133,NA,7,NA,5.26385403,311.4281356,NA,NA,76.778,15.05,6092.258366,79.10375446,39.95
Trinidad and Tobago,TTO,73.1,100,18779321835,NA,NA,NA,0.1,NA,0.52665947,1377564,NA,5,NA,6.5104014,2180.523437,2.972199917,7.077199936,46.75,31.033,31588.43864,157.223424,73.29694122
Tunisia,TUN,76.115,100,32159216689,NA,NA,NA,1,NA,1.10299623,11303946,99.01363,7,NA,6.95195517,806.3436155,15.51420021,NA,31.654,7.7908,11743.4899,126.3459615,49.59999484
Turkey,TUR,76.86,100,7.21011E+11,5.85389,NA,NA,0.3,96.16733,1.632250641,79821724,NA,8,NA,4.3143198,1089.245025,10.83860016,19.48110008,25.866,27.4958,26150.3998,94.02943867,58.34773401
Turkmenistan,TKM,67.835,100,NA,NA,NA,NA,4,NA,1.729432997,5662372,NA,8,NA,6.61802128,1116.859985,NA,NA,49.272,24.8254,16895.47614,151.4384088,17.99032446
Turks and Caicos Islands,TCA,NA,100,NA,NA,NA,NA,NA,NA,1.593637256,36559,NA,5,NA,NA,NA,NA,NA,7.483,NA,22809.20614,NA,NA
Tuvalu,TUV,NA,99.66522217,NA,11.84298,NA,NA,NA,NA,1.128841946,11225,84.77366,7,134,15.45402053,601.0271914,8.489100456,20.6378994,39.355,NA,3727.711339,67.70601336,46.00915151
Uganda,UGA,61.986,26.7,16513878097,NA,NA,NA,31.6,NA,3.65264431,39647506,54.74301,6,NA,6.16503174,117.1106969,NA,NA,77.376,121.4464,1908.300268,57.60142849,21.87617046
Ukraine,UKR,71.47634146,100,79362771055,NA,19.63951,NA,0.3,NA,-0.33138051,45004645,NA,7,330532,6.72703787,534.1910641,9.350000381,22.95000076,30.846,24.5594,8289.707288,135.1956556,53
United Arab Emirates,ARE,77.47,100,3.31991E+11,0.59811,NA,NA,0.1,NA,1.053281129,9360980,NA,7,46237,3.51684955,2546.187603,1.635501981,NA,14.035,8.5908,72386.09047,212.6389865,90.60000732
United Kingdom,GBR,81.15609756,100,2.25848E+12,0.34792,32.32674,NA,0.2,NA,0.714030265,65595565,100.8826,7,392953.3,9.7623484,4177.815131,4.813199997,12.99199963,17.114,14.3918,42977.22065,119.0555562,94.77580063
United States,USA,78.53902439,100,1.59851E+13,0.35997,NA,NA,0.2,NA,0.7234012,323071342,NA,6,NA,17.07341533,9869.742382,4.86920023,10.42720032,18.138,21.4754,57904.20196,122.5578619,85.54442129
Uruguay,URY,77.498,99.7,45689841164,0.00014,23.55671,NA,0.4,98.56147,0.354674156,3424132,104.6962,6,NA,9.06075776,1958.900218,7.840600014,23.78089905,4.856,59.1122,21820.25901,149.4317533,66.4
Uzbekistan,UZB,71.171,100,61748854136,0.68183,NA,NA,0.4,99.98657,1.738849262,31847900,96.81922,8,374585,6.33520937,416.9039816,5.159999847,NA,49.35,23.79,6348.102008,73.99520784,46.79128694
Vanuatu,VUT,70.021,57.82,705192141.2,NA,NA,NA,10.4,NA,2.620904941,278330,NA,7,NA,3.69175091,116.0924795,NA,NA,74.938,50.0584,2996.18348,78.54094061,24
"Venezuela, RB",VEN,72.405,99.96759796,NA,8.14362,NA,NA,1.4,97.12709,-0.786447681,29846179,94.0508,5,NA,3.21708435,NA,NA,NA,11.835,85.8336,NA,92.46141578,60
Vietnam,VNM,75.172,100,1.71088E+11,NA,NA,88900000,1.6,NA,1.032286623,93638724,105.964,7,NA,5.65919354,356.2796547,2.083400011,7.427400112,65.49,31.9554,6365.289485,128.7907855,53
Virgin Islands (U.S.),VIR,79.26829268,100,NA,NA,NA,NA,NA,NA,-0.185856387,107510,NA,NA,NA,NA,NA,NA,NA,4.52,32.259,NA,NA,59.6083158
West Bank and Gaza,PSE,73.589,100,NA,3.9658,NA,NA,NA,96.93023,2.246105276,4367088,97.05693,8,37333,NA,NA,27.07519913,42.13389969,24.372,54.3712,4967.187882,80.10067188,61.17838483
"Yemen, Rep.",YEM,66.087,76.06681061,34574695417,15.60336,NA,NA,10.2,NA,2.498247034,27168210,72.30039,6,NA,NA,NA,NA,NA,64.606,61.816,2827.691023,60.48634124,24.57920836
Zambia,ZMB,62.464,35.21650696,15908313911,NA,NA,NA,34.9,NA,3.003345679,16363507,NA,5,NA,4.47720737,175.1783521,NA,NA,57.562,123.4288,3998.004435,73.43823048,25.50657885
Zimbabwe,ZWE,60.294,39.89234543,15554736218,NA,NA,NA,24.6,NA,1.549758816,14030390,NA,6,NA,9.41366844,185.0482819,NA,NA,67.704,90.6766,2687.385429,91.79345804,23.11998904
Arab World,ARB,71.43649684,89.67868506,2.13918E+12,14.97902,NA,NA,7.416115164,73.69399,2.019086879,404024433,85.12254,NA,2189453,4.89162786,1014.559222,9.598338202,NA,41.65472472,47.50548913,16911.01781,103.1907993,41.48747671
Caribbean small states,CSS,73.39595639,97.67922588,56314835425,7.78586,NA,NA,0.915753071,NA,0.653179386,7269386,91.14359,NA,35790.7,6.121274682,950.4204528,10.3913929,25.70665062,49.09360741,52.83205438,15537.6712,116.6999501,52.95321095
Central Europe and the Baltics,CEB,76.98893983,100,1.05055E+12,4.42888,NA,NA,0.177176424,98.99005,-0.255097557,102994343,97.44619,NA,742105,6.677070748,1779.375529,6.48936775,17.69296208,37.81552091,19.86873567,27331.90058,125.8114519,71.34198079
Early-demographic dividend,EAR,70.01206579,87.3188043,NA,6.08201,NA,NA,13.46452836,78.57369,1.35454711,3165142287,92.33046,NA,13500000,4.989721306,431.7556505,NA,NA,55.67223218,38.68420364,9298.119281,95.31298781,30.16674985
East Asia & Pacific,EAS,75.63562149,97.26756919,1.77502E+13,3.32154,NA,1527870000,2.069932991,95.25384,0.685904681,2298514046,93.75753,NA,10400000,6.640108382,975.2112902,NA,NA,42.67854085,20.7301823,17001.15742,109.770569,53.18742089
East Asia & Pacific (excluding high income),EAP,74.75561418,96.97225607,1.04247E+13,3.39933,NA,1527870000,2.225841464,95.52339,0.73173985,2053116851,93.37515,NA,9270476,4.778067449,647.3767173,NA,NA,46.31840026,22.22011503,13840.76768,107.4057964,48.72880783
East Asia & Pacific (IDA & IBRD countries),TEA,74.79361457,97.66188216,1.0405E+13,3.42796,NA,1527870000,2.236148945,95.46849,0.734759218,2027771091,93.28137,NA,9148543,4.778223824,647.387596,NA,NA,46.41631841,22.53080615,13987.04767,108.5485484,48.72880783
Euro area,EMU,81.94592967,100,9.86078E+12,1.02885,NA,NA,0.289158374,NA,0.319099613,340616924,95.12383,NA,2451029,10.22042566,4272.50756,10.02980587,23.98365472,23.44569562,6.893647809,42771.32834,121.3250123,77.98945493
Europe & Central Asia,ECS,77.58798224,99.99889786,1.67701E+13,2.1467,NA,NA,0.303721904,98.25469,0.475391801,911812364,96.76053,NA,7008295,9.379432193,2698.025823,8.067717278,20.24784217,28.19440552,17.64146802,31692.96596,124.0171886,72.44627768
Europe & Central Asia (excluding high income),ECA,73.05881307,99.9975693,2.39009E+12,3.58037,NA,NA,0.366263817,98.98786,0.612612813,413361214,96.54248,NA,3465893,5.212943801,1027.567046,7.463567816,19.51332133,33.40377367,27.18529382,19482.47932,126.4265032,62.5179342
Europe & Central Asia (IDA & IBRD countries),TEC,73.50378222,99.99779419,2.8272E+12,3.53095,NA,NA,0.341529854,98.96905,0.545500585,455505650,96.89694,NA,3785513,5.419100885,1097.142406,7.397599618,19.4594014,34.0347134,25.90521133,20216.62902,127.3224748,63.51476431
European Union,EUU,80.97470527,100,1.3692E+13,1.47668,NA,NA,0.258595084,NA,0.294466988,511218529,96.66967,NA,3588445,9.932248923,3846.30005,8.540047934,21.0564033,24.76669255,10.10931047,40228.81252,121.7727308,79.23845795
Fragile and conflict affected situations,FCS,62.81486122,52.1980767,6.21523E+11,21.80215,NA,NA,33.7341068,62.50688,2.229955169,493290951,69.01254,NA,1602134,5.019832639,162.2268541,NA,NA,59.29340394,88.64195197,4416.253187,68.46414365,17.13823905
Heavily indebted poor countries (HIPC),HPC,62.3232893,41.17527239,5.33826E+11,18.15597,NA,NA,41.11049347,61.19566,2.821060628,738387254,65.78729,NA,1969678,5.405155172,127.5193337,NA,NA,64.9109196,103.5626598,2320.205029,65.9713315,15.3506985
High income,HIC,80.64039254,99.9881931,4.0613E+13,1.13937,NA,NA,0.297733887,NA,0.589552311,1198350350,98.6931,NA,7186258,12.58844942,5600.073457,6.195844056,14.80849223,19.02340137,13.26073984,46977.92905,124.7652413,84.16797688
IBRD only,IBD,72.95836486,95.94586687,NA,3.1875,NA,NA,6.808392695,88.5859,0.94575161,4687686335,94.92823,NA,22600000,5.547414023,682.3197352,NA,NA,46.21763526,29.48938578,13024.41508,104.7117345,43.91361957
IDA & IBRD total,IBT,70.61943318,86.01040897,NA,9.03008,NA,NA,13.82124085,83.71072,1.272108191,6256138021,87.59809,NA,27400000,5.459548267,552.4268885,NA,NA,50.65040068,47.33632509,10670.36045,96.98731926,37.5202087
IDA blend,IDB,61.6994536,66.91896004,8.30543E+11,25.05616,NA,NA,39.61353149,66.23999,2.30430642,531399044,75.107,NA,1873810,3.870958126,192.2536825,NA,NA,58.5402987,72.62883648,5150.050762,76.1344357,20.80293408
IDA only,IDX,64.616877,50.88284551,9.51264E+11,16.96389,NA,NA,32.33930246,64.74183,2.23761774,1037052642,71.84764,NA,2882979,4.700011564,129.8634134,NA,NA,66.67256616,92.09778251,2907.21289,72.45243207,16.93567254
IDA total,IDA,63.62848404,56.31595895,1.78654E+12,19.59713,NA,NA,34.80659352,65.25168,2.260202448,1568451686,72.92838,NA,NA,4.289083978,152.0105311,NA,NA,63.91412031,85.70359501,3677.349383,73.70156664,18.24760825
Late-demographic dividend,LTE,75.74518596,99.21545441,1.44238E+13,2.60956,NA,1461770000,0.753578314,95.86127,0.624099888,2262158994,93.33469,NA,11700000,5.785833107,943.1791751,NA,NA,39.29120458,21.33685606,16687.2175,109.8938456,56.75187195
Latin America & Caribbean,LCN,75.11995716,97.56821018,4.4842E+12,3.30395,NA,NA,1.666678406,93.591,1.00388013,629240066,99.09733,NA,3918988,8.560364574,1277.168061,8.324866774,17.92205997,19.89842638,64.08009251,15676.1576,109.8798854,57.35461427
Latin America & Caribbean (excluding high income),LAC,74.92203333,97.46181433,4.08231E+12,3.14562,NA,NA,1.722627139,92.97116,1.011548336,597399287,99.32617,NA,3732489,8.592545336,1244.144757,8.436841955,18.05431766,20.10109636,64.73229828,15157.64546,108.9177327,56.38747414
Latin America & the Caribbean (IDA & IBRD countries),TLA,75.02873523,97.51135332,4.32247E+12,3.18136,NA,NA,1.680652712,93.46904,1.03816039,613258172,99.28281,NA,3810520,8.497534463,1254.107077,8.301186134,17.9099285,19.89493855,64.41353275,15588.82394,111.3187212,57.52467638
Least developed countries: UN classification,LDC,64.34577144,47.19761246,8.0266E+11,17.40488,NA,NA,34.34608809,63.42245,2.377984729,963511276,70.02098,NA,2483431,4.313684681,121.1089944,NA,NA,67.48148483,95.5620088,2713.752665,67.58211069,15.06093524
Low & middle income,LMY,70.55541384,85.71126479,NA,9.04078,NA,NA,13.89874672,83.52819,1.277097208,6227752871,87.57806,NA,27100000,5.419869267,541.1196229,NA,NA,50.7514304,47.30683033,10477.80628,96.1107591,37.1359991
Low income,LIC,62.98932635,39.94138218,4.18535E+11,17.92044,NA,NA,40.4606078,61.93147,2.557705666,670117389,66.43989,NA,1747553,5.37527957,93.19950598,NA,NA,68.29834873,99.04845242,2069.587981,58.09438616,13.08290863
Lower middle income,LMC,68.07456289,84.10505566,5.20525E+12,9.87412,NA,NA,19.18331215,76.25343,1.441391633,2939830821,90.28852,NA,11300000,3.956582625,262.1140688,NA,NA,60.42681294,43.85118607,6726.788424,94.22854763,26.0708924
Middle East & North Africa,MEA,73.71082025,97.56965099,2.66353E+12,5.03233,NA,NA,2.15814077,77.93316,1.826082307,433597626,91.91429,NA,2408661,5.587538321,1287.686506,10.04070071,26.5321763,35.28045249,40.24269905,19734.6496,108.5206058,48.49469226
Middle East & North Africa (excluding high income),MNA,73.1982111,97.15403578,1.21604E+12,5.63293,NA,NA,2.511969561,74.84724,1.731135786,370276461,89.60272,NA,1891740,6.132532205,904.7033217,11.99650227,27.70417602,39.05831535,44.09890258,13315.92368,99.90024304,43.21821218
Middle East & North Africa (IDA & IBRD countries),TMN,73.19354707,97.12006951,1.20789E+12,5.65192,NA,NA,2.511969561,74.60233,1.724720841,365909373,89.47528,NA,1854407,6.132532205,904.7033217,11.80922261,27.42471889,39.2335949,43.94097382,13416.98424,100.151069,42.99068822
Middle income,MIC,71.46773664,91.23006895,NA,7.22106,NA,NA,10.69233609,85.65752,1.124843891,5557635482,91.31099,NA,25400000,5.420470294,588.1457075,NA,NA,48.63500175,38.79651393,11499.11393,100.6671182,39.90992924
North America,NAC,78.9016844,100,1.72276E+13,0.33357,NA,NA,0.220106578,NA,0.767035346,359245384,98.74839,NA,1826468,16.58004702,9351.852668,5.100956483,10.67767808,18.19123,20.37352578,56608.44707,118.70435,86.11499711
Not classified,INX,NA,NA,NA,NA,NA,NA,NA,NA,NA,NA,NA,NA,NA,NA,NA,NA,NA,NA,NA,NA,NA,NA
OECD members,OED,80.08656321,99.95214989,3.97983E+13,1.2545,NA,NA,0.379640452,NA,0.646676362,1288747101,98.26986,NA,7980800,12.58844621,5040.76468,6.323831346,13.97759553,19.79949788,21.12760459,42363.11071,117.1112648,80.71077102
Other small states,OSS,67.8356294,74.035317,2.90977E+11,13.31086,NA,NA,16.19518389,83.93278,2.051928177,29542879,84.1077,NA,148567.2,4.831484793,1161.224889,NA,NA,38.88200963,62.47311307,25856.97695,122.252726,46.29104983
Pacific island small states,PSS,69.61374193,81.54713287,7969661690,10.94612,NA,NA,5.232261326,90.97831,1.385379628,2388307,98.71352,NA,12016.04,5.262596029,278.3427232,NA,NA,61.70926426,50.17629672,5837.406155,86.73343508,30.23606451
Post-demographic dividend,PST,80.55424512,99.99637323,3.78483E+13,1.17854,NA,NA,0.317216124,NA,0.452749085,1101992071,97.99439,NA,6672017,13.00476925,5691.538958,6.445032158,14.78875551,19.07955568,13.39717628,45105.72331,121.6110497,83.20461215
Pre-demographic dividend,PRE,59.99193712,45.8852881,9.81865E+11,22.35592,NA,NA,48.51548462,61.03961,2.859509643,869943914,67.92278,NA,2434242,4.237314274,145.9505871,NA,NA,59.8631618,111.0213908,3868.058929,69.00012819,16.5090307
Small states,SST,68.96046273,78.87752243,3.55089E+11,12.25206,NA,NA,12.74710943,85.77091,1.748963895,39200572,86.36897,NA,196373.9,5.036158338,1068.343273,NA,NA,42.1664142,59.9061826,22722.405,119.0962168,46.56373052
South Asia,SAS,68.91615144,86.58279721,2.60085E+12,7.35646,NA,NA,17.82264346,70.99924,1.243278484,1771167194,91.82644,NA,5999163,3.553336092,217.3307807,NA,NA,66.85367491,28.1174953,6097.716106,83.64235764,20.23984948
South Asia (IDA & IBRD),TSA,68.91615144,86.58279721,2.60085E+12,7.35646,NA,NA,17.82264346,70.99924,1.243278484,1771167194,91.82644,NA,5999163,3.553336092,217.3307807,NA,NA,66.85367491,28.1174953,6097.716106,83.64235764,20.23984948
Sub-Saharan Africa,SSF,60.44238734,44.80871483,NA,19.90556,NA,NA,47.1711815,64.78863,2.719155404,1022526541,68.20217,NA,2774811,5.153784872,197.9983145,NA,NA,60.88383539,104.5758405,3802.332525,73.58199252,19.34122243
Sub-Saharan Africa (excluding high income),SSA,60.44110322,44.80360413,NA,19.90651,NA,NA,47.17553102,64.78476,2.719284222,1022431864,68.19977,NA,2774173,5.154916822,197.9105525,NA,NA,60.88538318,104.5783017,3800.122516,73.57402803,19.33774262
Sub-Saharan Africa (IDA & IBRD countries),TSS,60.44238734,44.80871483,NA,19.90556,NA,NA,47.1711815,64.78863,2.719155404,1022526541,68.20217,NA,2774811,5.153784872,197.9983145,NA,NA,60.88383539,104.5758405,3802.332525,73.58199252,19.34122243
Upper middle income,UMC,75.278622,99.23172775,NA,3.06999,NA,NA,1.163645617,95.01176,0.771703233,2617804661,92.99683,NA,14100000,5.854861679,964.4965408,NA,NA,35.38344101,30.97681357,16845.85279,107.7923229,55.224542
World,WLD,72.18217105,87.97685631,NA,8.19655,NA,NA,11.759091,85.89491,1.165512803,7426103221,88.73469,NA,34300000,10.02319596,1355.604848,NA,NA,45.6303548,43.36176436,16343.23061,100.704432,44.70369974
,,,,,,,,,,,,,,,,,,,,,,,
,,,,,,,,,,,,,,,,,,,,,,,
,,,,,,,,,,,,,,,,,,,,,,,
Data from database: World Development Indicators,,,,,,,,,,,,,,,,,,,,,,,
Last Updated: 10/28/2019,,,,,,,,,,,,,,,,,,,,,,,
